Period,Forecast_Deliveries,MoM_Growth_%,YoY_Growth_%
2026-01,10966,0.0,
2026-02,9653,-11.97790813446045,
2026-03,9343,-3.2103307247161865,
2026-04,10804,15.63415241241455,
2026-05,9624,-10.916050910949707,
2026-06,9787,1.690440058708191,
2026-07,10631,8.623689651489258,
2026-08,9473,-10.896241188049316,
2026-09,9796,3.411947250366211,
2026-10,10528,7.47902774810791,
2026-11,9732,-7.567564964294434,
2026-12,9835,1.060878872871399,
